133,sr:competitor:59131,1,0,8420,23,2,ATP,2026,4,men
134,sr:competitor:108099,2,0,8270,24,2,ATP,2026,4,men
135,sr:competitor:14898,3,0,7870,22,2,ATP,2026,4,men
136,sr:competitor:637970,3,0,7870,22,2,ATP,2026,4,men
137,sr:competitor:16160,5,0,7115,18,2,ATP,2026,4,men
138,sr:competitor:15568,6,0,7025,15,2,ATP,2026,4,men
139,sr:competitor:49363,7,0,6770,21,2,ATP,2026,4,men
140,sr:competitor:51836,7,0,6770,21,2,ATP,2026,4,men
141,sr:competitor:53785,9,0,6580,26,2,ATP,2026,4,men
142,sr:competitor:74173,10,0,6490,22,2,ATP,2026,4,men
143,sr:competitor:36593,11,0,4940,20,2,ATP,2026,4,men
144,sr:competitor:52293,11,0,4940,20,2,ATP,2026,4,men
145,sr:competitor:15310,13,0,4210,25,2,ATP,2026,4,men
146,sr:competitor:95801,14,0,4210,27,2,ATP,2026,4,men
147,sr:competitor:52065,15,0,3830,31,2,ATP,2026,4,men
148,sr:competitor:23899,16,0,3830,33,2,ATP,2026,4,men
149,sr:competitor:14835,17,0,3530,23,2,ATP,2026,4,men
150,sr:competitor:52202,18,0,3450,27,2,ATP,2026,4,men
151,sr:competitor:127646,19,0,3265,32,2,ATP,2026,4,men
152,sr:competitor:16608,20,0,3100,25,2,ATP,2026,4,men
153,sr:competitor:70348,21,1,2855,27,2,ATP,2026,4,men
154,sr:competitor:22967,22,-1,2820,28,2,ATP,2026,4,men
155,sr:competitor:78793,23,0,2760,34,2,ATP,2026,4,men
156,sr:competitor:121182,24,0,2620,30,2,ATP,2026,4,men
157,sr:competitor:38181,25,0,2490,24,2,ATP,2026,4,men
158,sr:competitor:52951,26,0,2441,27,2,ATP,2026,4,men
159,sr:competitor:106559,27,0,2390,39,2,ATP,2026,4,men
160,sr:competitor:838776,28,0,2365,30,2,ATP,2026,4,men
161,sr:competitor:106349,29,0,2355,35,2,ATP,2026,4,men
162,sr:competitor:47295,30,0,2325,35,2,ATP,2026,4,men
163,sr:competitor:14553,31,0,2285,25,2,ATP,2026,4,men
164,sr:competitor:16151,32,0,2280,20,2,ATP,2026,4,men
165,sr:competitor:112805,33,0,2250,30,2,ATP,2026,4,men
166,sr:competitor:15548,34,2,2220,22,2,ATP,2026,4,men
167,sr:competitor:230186,35,-1,2220,28,2,ATP,2026,4,men
168,sr:competitor:66864,36,-1,2215,28,2,ATP,2026,4,men
169,sr:competitor:393598,37,0,2142,27,2,ATP,2026,4,men
170,sr:competitor:206889,38,0,2065,33,2,ATP,2026,4,men
171,sr:competitor:114831,39,4,2010,32,2,ATP,2026,4,men
172,sr:competitor:16823,40,-1,2005,32,2,ATP,2026,4,men
173,sr:competitor:62410,41,-1,1965,25,2,ATP,2026,4,men
174,sr:competitor:17038,42,-1,1937,25,2,ATP,2026,4,men
175,sr:competitor:76263,43,-1,1935,31,2,ATP,2026,4,men
176,sr:competitor:41475,44,0,1916,29,2,ATP,2026,4,men
177,sr:competitor:112969,45,0,1900,33,2,ATP,2026,4,men
178,sr:competitor:936355,45,0,1900,33,2,ATP,2026,4,men
179,sr:competitor:231090,47,6,1900,41,2,ATP,2026,4,men
180,sr:competitor:15305,48,-1,1895,33,2,ATP,2026,4,men
181,sr:competitor:231188,49,-1,1890,34,2,ATP,2026,4,men
182,sr:competitor:81059,50,-1,1870,28,2,ATP,2026,4,men
183,sr:competitor:56629,51,-1,1800,27,2,ATP,2026,4,men
184,sr:competitor:59324,52,-1,1755,24,2,ATP,2026,4,men
185,sr:competitor:25189,53,-1,1750,30,2,ATP,2026,4,men
186,sr:competitor:16042,54,1,1680,29,2,ATP,2026,4,men
187,sr:competitor:16124,55,-1,1680,31,2,ATP,2026,4,men
188,sr:competitor:152900,56,1,1585,27,2,ATP,2026,4,men
189,sr:competitor:204781,57,-1,1585,28,2,ATP,2026,4,men
190,sr:competitor:299130,58,0,1555,14,2,ATP,2026,4,men
191,sr:competitor:111195,59,0,1536,34,2,ATP,2026,4,men
192,sr:competitor:47966,60,6,1535,31,2,ATP,2026,4,men
193,sr:competitor:234044,61,-1,1465,35,2,ATP,2026,4,men
194,sr:competitor:234124,62,-1,1445,31,2,ATP,2026,4,men
195,sr:competitor:45105,63,-1,1400,31,2,ATP,2026,4,men
196,sr:competitor:15307,64,-1,1380,23,2,ATP,2026,4,men
197,sr:competitor:87690,65,-1,1375,12,2,ATP,2026,4,men
198,sr:competitor:44553,66,-1,1357,15,2,ATP,2026,4,men
199,sr:competitor:104917,67,0,1310,33,2,ATP,2026,4,men
200,sr:competitor:287215,68,0,1255,35,2,ATP,2026,4,men
201,sr:competitor:16409,69,0,1227,22,2,ATP,2026,4,men
202,sr:competitor:204495,70,3,1200,26,2,ATP,2026,4,men
203,sr:competitor:147104,71,-1,1200,33,2,ATP,2026,4,men
204,sr:competitor:256001,72,-1,1193,36,2,ATP,2026,4,men
205,sr:competitor:49306,73,-1,1186,33,2,ATP,2026,4,men
206,sr:competitor:1020797,74,0,1161,30,2,ATP,2026,4,men
207,sr:competitor:871495,75,0,1155,13,2,ATP,2026,4,men
208,sr:competitor:104847,76,0,1145,9,2,ATP,2026,4,men
209,sr:competitor:52263,77,0,1143,30,2,ATP,2026,4,men
210,sr:competitor:108755,78,0,1141,30,2,ATP,2026,4,men
211,sr:competitor:16198,79,0,1126,25,2,ATP,2026,4,men
212,sr:competitor:16573,80,0,1121,30,2,ATP,2026,4,men
213,sr:competitor:16992,81,0,1118,29,2,ATP,2026,4,men
214,sr:competitor:52244,82,0,1111,30,2,ATP,2026,4,men
215,sr:competitor:243522,83,0,1057,27,2,ATP,2026,4,men
216,sr:competitor:15588,84,0,1033,28,2,ATP,2026,4,men
217,sr:competitor:359602,85,0,1030,5,2,ATP,2026,4,men
218,sr:competitor:48646,86,0,1015,34,2,ATP,2026,4,men
219,sr:competitor:280601,87,0,1009,28,2,ATP,2026,4,men
220,sr:competitor:973963,88,1,961,34,2,ATP,2026,4,men
221,sr:competitor:209202,89,3,951,37,2,ATP,2026,4,men
222,sr:competitor:263865,90,3,947,34,2,ATP,2026,4,men
223,sr:competitor:47834,91,-3,945,19,2,ATP,2026,4,men
224,sr:competitor:297448,92,-2,936,36,2,ATP,2026,4,men
225,sr:competitor:125006,93,-2,925,12,2,ATP,2026,4,men
226,sr:competitor:918463,94,0,913,26,2,ATP,2026,4,men
227,sr:competitor:548169,95,0,911,28,2,ATP,2026,4,men
228,sr:competitor:450383,96,0,873,34,2,ATP,2026,4,men
229,sr:competitor:121032,97,0,862,36,2,ATP,2026,4,men
230,sr:competitor:77223,98,0,840,15,2,ATP,2026,4,men
231,sr:competitor:300540,99,3,830,14,2,ATP,2026,4,men
232,sr:competitor:422955,100,0,829,37,2,ATP,2026,4,men
233,sr:competitor:95923,101,-2,826,37,2,ATP,2026,4,men
234,sr:competitor:98413,102,-1,812,29,2,ATP,2026,4,men
235,sr:competitor:203681,103,0,800,9,2,ATP,2026,4,men
236,sr:competitor:25021,104,8,795,35,2,ATP,2026,4,men
237,sr:competitor:110707,105,-1,788,36,2,ATP,2026,4,men
238,sr:competitor:157396,106,-1,786,31,2,ATP,2026,4,men
239,sr:competitor:297502,107,-1,783,36,2,ATP,2026,4,men
240,sr:competitor:25458,108,-1,782,36,2,ATP,2026,4,men
241,sr:competitor:81763,109,-1,780,28,2,ATP,2026,4,men
242,sr:competitor:53759,110,-1,779,35,2,ATP,2026,4,men
243,sr:competitor:90798,111,-1,777,8,2,ATP,2026,4,men
244,sr:competitor:126356,112,-1,775,8,2,ATP,2026,4,men
245,sr:competitor:295508,113,0,769,26,2,ATP,2026,4,men
246,sr:competitor:37637,114,0,725,38,2,ATP,2026,4,men
247,sr:competitor:380004,115,0,722,27,2,ATP,2026,4,men
248,sr:competitor:808628,116,0,720,10,2,ATP,2026,4,men
249,sr:competitor:16275,117,0,720,17,2,ATP,2026,4,men
250,sr:competitor:240880,118,0,707,36,2,ATP,2026,4,men
251,sr:competitor:55989,119,0,704,32,2,ATP,2026,4,men
252,sr:competitor:92845,120,0,701,38,2,ATP,2026,4,men
253,sr:competitor:77653,121,0,672,36,2,ATP,2026,4,men
254,sr:competitor:111607,122,0,671,32,2,ATP,2026,4,men
255,sr:competitor:163538,123,0,670,36,2,ATP,2026,4,men
256,sr:competitor:55745,124,5,666,40,2,ATP,2026,4,men
257,sr:competitor:16854,125,-1,657,35,2,ATP,2026,4,men
258,sr:competitor:90110,126,-1,653,29,2,ATP,2026,4,men
259,sr:competitor:210736,127,-1,647,29,2,ATP,2026,4,men
260,sr:competitor:98981,128,2,643,39,2,ATP,2026,4,men
261,sr:competitor:99377,129,6,642,27,2,ATP,2026,4,men
262,sr:competitor:614090,130,-3,639,29,2,ATP,2026,4,men
263,sr:competitor:223868,131,-3,638,32,2,ATP,2026,4,men
264,sr:competitor:296270,132,-1,625,33,2,ATP,2026,4,men
265,sr:competitor:113889,133,-1,616,33,2,ATP,2026,4,men
266,sr:competitor:180104,134,7,615,30,2,ATP,2026,4,men
267,sr:competitor:161220,135,4,615,31,2,ATP,2026,4,men
268,sr:competitor:390480,136,-3,606,30,2,ATP,2026,4,men
269,sr:competitor:124708,137,1,606,31,2,ATP,2026,4,men
270,sr:competitor:122368,138,-4,600,11,2,ATP,2026,4,men
271,sr:competitor:146040,139,-3,591,16,2,ATP,2026,4,men
272,sr:competitor:128552,140,-3,590,5,2,ATP,2026,4,men
273,sr:competitor:145008,141,1,589,27,2,ATP,2026,4,men
274,sr:competitor:731833,142,-2,588,36,2,ATP,2026,4,men
275,sr:competitor:534043,143,11,585,16,2,ATP,2026,4,men
276,sr:competitor:145936,144,1,576,30,2,ATP,2026,4,men
277,sr:competitor:54609,145,-2,573,36,2,ATP,2026,4,men
278,sr:competitor:126622,146,-2,569,34,2,ATP,2026,4,men
279,sr:competitor:628218,147,-1,557,30,2,ATP,2026,4,men
280,sr:competitor:59700,148,2,557,31,2,ATP,2026,4,men
281,sr:competitor:72420,149,-2,557,34,2,ATP,2026,4,men
282,sr:competitor:322589,150,-2,556,36,2,ATP,2026,4,men
283,sr:competitor:220588,151,-2,553,27,2,ATP,2026,4,men
284,sr:competitor:77011,152,-1,547,35,2,ATP,2026,4,men
285,sr:competitor:305776,153,-1,544,21,2,ATP,2026,4,men
286,sr:competitor:90080,154,-1,540,9,2,ATP,2026,4,men
287,sr:competitor:310972,155,0,538,34,2,ATP,2026,4,men
288,sr:competitor:628034,156,0,527,17,2,ATP,2026,4,men
289,sr:competitor:94485,157,0,520,5,2,ATP,2026,4,men
290,sr:competitor:141882,158,0,519,26,2,ATP,2026,4,men
291,sr:competitor:220590,159,0,519,32,2,ATP,2026,4,men
292,sr:competitor:73572,160,5,514,28,2,ATP,2026,4,men
293,sr:competitor:58877,161,-1,507,36,2,ATP,2026,4,men
294,sr:competitor:44637,162,-1,503,30,2,ATP,2026,4,men
295,sr:competitor:85877,163,0,502,26,2,ATP,2026,4,men
296,sr:competitor:112061,164,-2,500,38,2,ATP,2026,4,men
297,sr:competitor:1015089,165,-1,489,18,2,ATP,2026,4,men
298,sr:competitor:405969,166,0,474,15,2,ATP,2026,4,men
299,sr:competitor:42151,167,2,474,26,2,ATP,2026,4,men
300,sr:competitor:272245,168,-1,470,29,2,ATP,2026,4,men
301,sr:competitor:52260,169,-1,469,38,2,ATP,2026,4,men
302,sr:competitor:723013,170,6,466,23,2,ATP,2026,4,men
303,sr:competitor:100069,171,-1,462,17,2,ATP,2026,4,men
304,sr:competitor:113221,172,-1,460,28,2,ATP,2026,4,men
305,sr:competitor:163540,173,-1,453,32,2,ATP,2026,4,men
306,sr:competitor:339377,174,-1,450,5,2,ATP,2026,4,men
307,sr:competitor:106755,175,-1,450,8,2,ATP,2026,4,men
308,sr:competitor:233144,176,-1,449,29,2,ATP,2026,4,men
309,sr:competitor:58989,177,0,445,30,2,ATP,2026,4,men
310,sr:competitor:853643,178,0,445,33,2,ATP,2026,4,men
311,sr:competitor:43319,179,0,433,20,2,ATP,2026,4,men
312,sr:competitor:396126,180,0,433,28,2,ATP,2026,4,men
313,sr:competitor:102339,181,0,430,5,2,ATP,2026,4,men
314,sr:competitor:132558,182,0,430,20,2,ATP,2026,4,men
315,sr:competitor:76361,183,0,428,18,2,ATP,2026,4,men
316,sr:competitor:272273,184,0,422,31,2,ATP,2026,4,men
317,sr:competitor:84671,185,0,418,31,2,ATP,2026,4,men
318,sr:competitor:106395,186,0,417,31,2,ATP,2026,4,men
319,sr:competitor:739643,187,2,417,34,2,ATP,2026,4,men
320,sr:competitor:60920,188,-1,416,31,2,ATP,2026,4,men
321,sr:competitor:873679,189,8,415,26,2,ATP,2026,4,men
322,sr:competitor:348308,190,5,411,24,2,ATP,2026,4,men
323,sr:competitor:880089,191,-3,411,35,2,ATP,2026,4,men
324,sr:competitor:38180,192,-2,408,13,2,ATP,2026,4,men
325,sr:competitor:154490,193,-2,408,33,2,ATP,2026,4,men
326,sr:competitor:60614,194,-2,401,36,2,ATP,2026,4,men
327,sr:competitor:809324,195,-2,396,20,2,ATP,2026,4,men
328,sr:competitor:185434,196,-2,396,30,2,ATP,2026,4,men
329,sr:competitor:227358,197,-1,390,10,2,ATP,2026,4,men
330,sr:competitor:505542,198,0,388,26,2,ATP,2026,4,men
331,sr:competitor:161448,199,7,373,33,2,ATP,2026,4,men
332,sr:competitor:289021,200,-1,368,29,2,ATP,2026,4,men
333,sr:competitor:294300,201,-1,360,8,2,ATP,2026,4,men
334,sr:competitor:95939,202,3,359,28,2,ATP,2026,4,men
335,sr:competitor:437794,203,-2,356,22,2,ATP,2026,4,men
336,sr:competitor:938667,204,-2,355,6,2,ATP,2026,4,men
337,sr:competitor:405977,205,-2,355,8,2,ATP,2026,4,men
338,sr:competitor:111609,206,-2,353,25,2,ATP,2026,4,men
339,sr:competitor:283759,207,5,351,20,2,ATP,2026,4,men
340,sr:competitor:103625,208,-1,349,24,2,ATP,2026,4,men
341,sr:competitor:251091,209,-1,346,18,2,ATP,2026,4,men
342,sr:competitor:55293,210,-1,345,27,2,ATP,2026,4,men
343,sr:competitor:250231,211,-1,344,17,2,ATP,2026,4,men
344,sr:competitor:1025093,212,-1,343,30,2,ATP,2026,4,men
345,sr:competitor:53483,213,0,336,18,2,ATP,2026,4,men
346,sr:competitor:263917,214,0,333,15,2,ATP,2026,4,men
347,sr:competitor:207777,215,0,332,24,2,ATP,2026,4,men
348,sr:competitor:208123,216,0,330,30,2,ATP,2026,4,men
349,sr:competitor:927343,217,0,329,19,2,ATP,2026,4,men
350,sr:competitor:407791,218,0,328,30,2,ATP,2026,4,men
351,sr:competitor:193912,219,0,322,29,2,ATP,2026,4,men
352,sr:competitor:115239,220,0,321,24,2,ATP,2026,4,men
353,sr:competitor:195458,221,0,318,20,2,ATP,2026,4,men
354,sr:competitor:660427,222,12,317,18,2,ATP,2026,4,men
355,sr:competitor:378220,223,7,316,24,2,ATP,2026,4,men
356,sr:competitor:392066,224,-2,315,4,2,ATP,2026,4,men
357,sr:competitor:16043,225,-2,312,18,2,ATP,2026,4,men
358,sr:competitor:221556,226,7,311,24,2,ATP,2026,4,men
359,sr:competitor:686911,227,-3,309,13,2,ATP,2026,4,men
360,sr:competitor:197678,228,-3,307,21,2,ATP,2026,4,men
361,sr:competitor:457059,229,-3,306,19,2,ATP,2026,4,men
362,sr:competitor:216502,230,13,306,24,2,ATP,2026,4,men
363,sr:competitor:229024,231,-4,303,13,2,ATP,2026,4,men
364,sr:competitor:202735,232,-4,301,32,2,ATP,2026,4,men
365,sr:competitor:78387,233,-4,299,17,2,ATP,2026,4,men
366,sr:competitor:130398,234,-3,295,6,2,ATP,2026,4,men
367,sr:competitor:287543,235,-3,294,18,2,ATP,2026,4,men
368,sr:competitor:682903,236,-1,289,19,2,ATP,2026,4,men
369,sr:competitor:353586,237,8,289,25,2,ATP,2026,4,men
370,sr:competitor:645442,238,-1,287,34,2,ATP,2026,4,men
371,sr:competitor:565070,239,-3,286,10,2,ATP,2026,4,men
372,sr:competitor:48225,240,20,283,26,2,ATP,2026,4,men
373,sr:competitor:181384,241,-3,282,28,2,ATP,2026,4,men
374,sr:competitor:564952,242,-3,281,19,2,ATP,2026,4,men
375,sr:competitor:497320,243,-3,280,24,2,ATP,2026,4,men
376,sr:competitor:79223,244,-3,278,28,2,ATP,2026,4,men
377,sr:competitor:412829,245,-3,277,30,2,ATP,2026,4,men
378,sr:competitor:50037,246,-2,275,21,2,ATP,2026,4,men
379,sr:competitor:439474,247,14,275,33,2,ATP,2026,4,men
380,sr:competitor:219398,248,-2,273,23,2,ATP,2026,4,men
381,sr:competitor:381022,249,-2,273,25,2,ATP,2026,4,men
382,sr:competitor:49417,250,-2,271,6,2,ATP,2026,4,men
383,sr:competitor:246745,251,-2,271,35,2,ATP,2026,4,men
384,sr:competitor:95935,252,-2,270,2,2,ATP,2026,4,men
385,sr:competitor:39711,253,-1,270,5,2,ATP,2026,4,men
386,sr:competitor:407783,254,-3,270,5,2,ATP,2026,4,men
387,sr:competitor:169496,255,-2,270,15,2,ATP,2026,4,men
388,sr:competitor:312728,256,-2,270,25,2,ATP,2026,4,men
389,sr:competitor:395828,257,-2,269,32,2,ATP,2026,4,men
390,sr:competitor:155860,258,-2,269,36,2,ATP,2026,4,men
391,sr:competitor:134602,259,-2,268,23,2,ATP,2026,4,men
392,sr:competitor:538457,260,-2,268,27,2,ATP,2026,4,men
393,sr:competitor:763106,261,-2,266,11,2,ATP,2026,4,men
394,sr:competitor:452787,262,0,265,28,2,ATP,2026,4,men
395,sr:competitor:154570,263,0,262,28,2,ATP,2026,4,men
396,sr:competitor:51100,264,0,260,11,2,ATP,2026,4,men
397,sr:competitor:99043,265,0,259,35,2,ATP,2026,4,men
398,sr:competitor:628226,266,0,257,20,2,ATP,2026,4,men
399,sr:competitor:530317,267,0,256,12,2,ATP,2026,4,men
400,sr:competitor:244388,268,0,256,22,2,ATP,2026,4,men
401,sr:competitor:96629,269,4,256,25,2,ATP,2026,4,men
402,sr:competitor:434058,270,10,254,18,2,ATP,2026,4,men
403,sr:competitor:82133,271,-2,254,18,2,ATP,2026,4,men
404,sr:competitor:518742,272,-2,250,19,2,ATP,2026,4,men
405,sr:competitor:685379,273,3,250,20,2,ATP,2026,4,men
406,sr:competitor:342822,274,-3,248,22,2,ATP,2026,4,men
407,sr:competitor:212004,275,-3,247,8,2,ATP,2026,4,men
408,sr:competitor:104421,276,-2,246,21,2,ATP,2026,4,men
409,sr:competitor:305558,277,-2,242,18,2,ATP,2026,4,men
410,sr:competitor:120956,278,-1,242,29,2,ATP,2026,4,men
411,sr:competitor:145112,279,-1,240,5,2,ATP,2026,4,men
412,sr:competitor:50148,280,-1,237,12,2,ATP,2026,4,men
413,sr:competitor:165234,281,0,237,20,2,ATP,2026,4,men
414,sr:competitor:214824,282,11,236,15,2,ATP,2026,4,men
415,sr:competitor:200873,283,-1,235,31,2,ATP,2026,4,men
416,sr:competitor:228372,284,58,234,10,2,ATP,2026,4,men
417,sr:competitor:145122,285,-2,234,11,2,ATP,2026,4,men
418,sr:competitor:1020369,286,6,234,27,2,ATP,2026,4,men
419,sr:competitor:447733,287,-3,233,31,2,ATP,2026,4,men
420,sr:competitor:161868,288,-3,232,15,2,ATP,2026,4,men
421,sr:competitor:308834,289,-3,232,29,2,ATP,2026,4,men
422,sr:competitor:861461,290,-3,230,15,2,ATP,2026,4,men
423,sr:competitor:321667,291,-3,229,7,2,ATP,2026,4,men
424,sr:competitor:210592,292,-3,229,13,2,ATP,2026,4,men
425,sr:competitor:82579,293,-3,228,23,2,ATP,2026,4,men
426,sr:competitor:223788,294,-3,228,25,2,ATP,2026,4,men
427,sr:competitor:222628,295,-1,227,18,2,ATP,2026,4,men
428,sr:competitor:292414,296,-1,227,21,2,ATP,2026,4,men
429,sr:competitor:508498,297,-1,225,2,2,ATP,2026,4,men
430,sr:competitor:861511,298,-1,225,5,2,ATP,2026,4,men
431,sr:competitor:472975,299,-1,225,6,2,ATP,2026,4,men
432,sr:competitor:204117,300,-1,225,11,2,ATP,2026,4,men
433,sr:competitor:255595,301,-1,225,11,2,ATP,2026,4,men
434,sr:competitor:399637,302,-1,225,11,2,ATP,2026,4,men
435,sr:competitor:217192,303,-1,225,36,2,ATP,2026,4,men
436,sr:competitor:686709,304,-1,224,14,2,ATP,2026,4,men
437,sr:competitor:373852,305,-1,222,11,2,ATP,2026,4,men
438,sr:competitor:768772,306,-1,220,24,2,ATP,2026,4,men
439,sr:competitor:733153,307,-1,219,27,2,ATP,2026,4,men
440,sr:competitor:77501,308,-1,219,28,2,ATP,2026,4,men
441,sr:competitor:126402,309,-1,218,19,2,ATP,2026,4,men
442,sr:competitor:301896,310,-1,218,21,2,ATP,2026,4,men
443,sr:competitor:83263,311,-1,217,23,2,ATP,2026,4,men
444,sr:competitor:215778,312,-1,214,20,2,ATP,2026,4,men
445,sr:competitor:182086,313,-1,214,29,2,ATP,2026,4,men
446,sr:competitor:761136,314,-1,214,29,2,ATP,2026,4,men
447,sr:competitor:163438,315,-1,212,16,2,ATP,2026,4,men
448,sr:competitor:317355,316,-1,211,25,2,ATP,2026,4,men
449,sr:competitor:722431,317,-1,208,15,2,ATP,2026,4,men
450,sr:competitor:319353,318,23,208,27,2,ATP,2026,4,men
451,sr:competitor:64920,319,-2,206,9,2,ATP,2026,4,men
452,sr:competitor:312440,320,-2,206,14,2,ATP,2026,4,men
453,sr:competitor:63438,321,-2,205,7,2,ATP,2026,4,men
454,sr:competitor:49172,322,-2,205,9,2,ATP,2026,4,men
455,sr:competitor:65606,323,-2,204,17,2,ATP,2026,4,men
456,sr:competitor:750283,324,-2,204,24,2,ATP,2026,4,men
457,sr:competitor:92667,325,-2,203,24,2,ATP,2026,4,men
458,sr:competitor:450283,326,-2,200,8,2,ATP,2026,4,men
459,sr:competitor:202681,327,-2,199,27,2,ATP,2026,4,men
460,sr:competitor:458575,328,-2,199,29,2,ATP,2026,4,men
461,sr:competitor:759758,329,0,199,48,2,ATP,2026,4,men
462,sr:competitor:240264,330,-3,198,11,2,ATP,2026,4,men
463,sr:competitor:108767,331,-3,196,8,2,ATP,2026,4,men
464,sr:competitor:42164,332,-2,194,25,2,ATP,2026,4,men
465,sr:competitor:494844,333,-2,192,21,2,ATP,2026,4,men
466,sr:competitor:418167,334,-2,192,24,2,ATP,2026,4,men
467,sr:competitor:273883,335,3,191,21,2,ATP,2026,4,men
468,sr:competitor:80665,336,-3,190,3,2,ATP,2026,4,men
469,sr:competitor:256481,337,-3,190,30,2,ATP,2026,4,men
470,sr:competitor:1128937,338,-3,189,5,2,ATP,2026,4,men
471,sr:competitor:588081,339,-3,189,13,2,ATP,2026,4,men
472,sr:competitor:448357,340,-3,187,9,2,ATP,2026,4,men
473,sr:competitor:24009,341,-2,186,16,2,ATP,2026,4,men
474,sr:competitor:51304,342,-2,186,36,2,ATP,2026,4,men
475,sr:competitor:603420,343,0,183,14,2,ATP,2026,4,men
476,sr:competitor:130442,344,0,183,23,2,ATP,2026,4,men
477,sr:competitor:63446,345,32,182,11,2,ATP,2026,4,men
478,sr:competitor:1011445,346,-1,181,11,2,ATP,2026,4,men
479,sr:competitor:210636,347,-1,181,24,2,ATP,2026,4,men
480,sr:competitor:39712,348,-1,180,2,2,ATP,2026,4,men
481,sr:competitor:112783,348,-1,180,2,2,ATP,2026,4,men
482,sr:competitor:671637,348,-1,180,2,2,ATP,2026,4,men
483,sr:competitor:117916,351,-1,180,2,2,ATP,2026,4,men
484,sr:competitor:195800,351,-1,180,2,2,ATP,2026,4,men
485,sr:competitor:136042,353,-1,180,2,2,ATP,2026,4,men
486,sr:competitor:124656,354,-1,180,3,2,ATP,2026,4,men
487,sr:competitor:254383,354,-1,180,3,2,ATP,2026,4,men
488,sr:competitor:75813,356,-1,180,4,2,ATP,2026,4,men
489,sr:competitor:46391,357,-1,180,4,2,ATP,2026,4,men
490,sr:competitor:214182,357,-1,180,4,2,ATP,2026,4,men
491,sr:competitor:102151,359,-1,180,5,2,ATP,2026,4,men
492,sr:competitor:63606,360,-1,180,6,2,ATP,2026,4,men
493,sr:competitor:337601,361,-1,180,6,2,ATP,2026,4,men
494,sr:competitor:93589,362,-1,180,14,2,ATP,2026,4,men
495,sr:competitor:906831,363,-1,178,27,2,ATP,2026,4,men
496,sr:competitor:215696,364,37,177,27,2,ATP,2026,4,men
497,sr:competitor:46259,365,1,176,15,2,ATP,2026,4,men
498,sr:competitor:154740,366,-3,176,36,2,ATP,2026,4,men
499,sr:competitor:170976,367,-3,175,28,2,ATP,2026,4,men
500,sr:competitor:84659,368,-3,174,14,2,ATP,2026,4,men
501,sr:competitor:286541,369,-2,173,12,2,ATP,2026,4,men
502,sr:competitor:395890,370,-2,173,21,2,ATP,2026,4,men
503,sr:competitor:797330,371,-2,172,23,2,ATP,2026,4,men
504,sr:competitor:138712,372,-2,171,22,2,ATP,2026,4,men
505,sr:competitor:378320,373,-2,170,25,2,ATP,2026,4,men
506,sr:competitor:170964,374,-2,170,27,2,ATP,2026,4,men
507,sr:competitor:48055,375,-2,169,29,2,ATP,2026,4,men
508,sr:competitor:82157,376,-2,168,15,2,ATP,2026,4,men
509,sr:competitor:385204,377,-2,168,19,2,ATP,2026,4,men
510,sr:competitor:132834,378,-2,167,6,2,ATP,2026,4,men
511,sr:competitor:620338,379,-1,166,11,2,ATP,2026,4,men
512,sr:competitor:515478,380,-1,165,13,2,ATP,2026,4,men
513,sr:competitor:407785,381,-1,165,23,2,ATP,2026,4,men
514,sr:competitor:52276,382,-1,162,9,2,ATP,2026,4,men
515,sr:competitor:920395,383,-1,162,12,2,ATP,2026,4,men
516,sr:competitor:952887,384,-1,162,19,2,ATP,2026,4,men
517,sr:competitor:369572,385,-1,161,12,2,ATP,2026,4,men
518,sr:competitor:18066,386,-1,161,12,2,ATP,2026,4,men
519,sr:competitor:312436,387,-1,161,15,2,ATP,2026,4,men
520,sr:competitor:679699,388,-1,161,24,2,ATP,2026,4,men
521,sr:competitor:297608,389,-1,160,24,2,ATP,2026,4,men
522,sr:competitor:797282,390,3,160,30,2,ATP,2026,4,men
523,sr:competitor:124934,391,-2,160,38,2,ATP,2026,4,men
524,sr:competitor:287541,392,-2,159,15,2,ATP,2026,4,men
525,sr:competitor:121248,393,-2,159,20,2,ATP,2026,4,men
526,sr:competitor:441576,394,-2,157,20,2,ATP,2026,4,men
527,sr:competitor:177658,395,15,156,18,2,ATP,2026,4,men
528,sr:competitor:403357,396,3,156,19,2,ATP,2026,4,men
529,sr:competitor:138528,397,-3,155,19,2,ATP,2026,4,men
530,sr:competitor:208165,398,-3,155,20,2,ATP,2026,4,men
531,sr:competitor:452691,399,-3,155,21,2,ATP,2026,4,men
532,sr:competitor:362982,400,-3,153,11,2,ATP,2026,4,men
533,sr:competitor:256375,401,-3,153,16,2,ATP,2026,4,men
534,sr:competitor:16492,402,-2,152,11,2,ATP,2026,4,men
535,sr:competitor:834054,403,-1,151,10,2,ATP,2026,4,men
536,sr:competitor:412813,404,-1,151,15,2,ATP,2026,4,men
537,sr:competitor:268441,405,-1,151,18,2,ATP,2026,4,men
538,sr:competitor:1181751,406,-1,150,7,2,ATP,2026,4,men
539,sr:competitor:116616,407,-1,150,14,2,ATP,2026,4,men
540,sr:competitor:54975,408,-1,150,20,2,ATP,2026,4,men
541,sr:competitor:160104,409,-1,150,33,2,ATP,2026,4,men
542,sr:competitor:414501,410,-1,149,8,2,ATP,2026,4,men
543,sr:competitor:260947,411,0,149,19,2,ATP,2026,4,men
544,sr:competitor:79227,412,0,148,18,2,ATP,2026,4,men
545,sr:competitor:681071,413,0,148,27,2,ATP,2026,4,men
546,sr:competitor:168420,414,0,147,12,2,ATP,2026,4,men
547,sr:competitor:515510,415,0,146,6,2,ATP,2026,4,men
548,sr:competitor:501410,416,0,146,24,2,ATP,2026,4,men
549,sr:competitor:371448,417,0,145,3,2,ATP,2026,4,men
550,sr:competitor:310974,418,0,145,8,2,ATP,2026,4,men
551,sr:competitor:36300,419,0,145,9,2,ATP,2026,4,men
552,sr:competitor:93597,420,0,145,13,2,ATP,2026,4,men
553,sr:competitor:983047,421,0,145,21,2,ATP,2026,4,men
554,sr:competitor:341188,422,0,144,10,2,ATP,2026,4,men
555,sr:competitor:303862,423,53,144,14,2,ATP,2026,4,men
556,sr:competitor:282361,424,-1,144,35,2,ATP,2026,4,men
557,sr:competitor:933891,425,-1,143,13,2,ATP,2026,4,men
558,sr:competitor:156826,426,-1,143,22,2,ATP,2026,4,men
559,sr:competitor:244783,427,-1,143,26,2,ATP,2026,4,men
560,sr:competitor:387066,428,-1,142,7,2,ATP,2026,4,men
561,sr:competitor:605854,429,-1,142,14,2,ATP,2026,4,men
562,sr:competitor:783794,430,-1,142,19,2,ATP,2026,4,men
563,sr:competitor:180948,431,-1,142,20,2,ATP,2026,4,men
564,sr:competitor:418253,432,-1,142,25,2,ATP,2026,4,men
565,sr:competitor:915153,433,-1,141,9,2,ATP,2026,4,men
566,sr:competitor:157394,434,-1,141,14,2,ATP,2026,4,men
567,sr:competitor:389078,435,-1,141,24,2,ATP,2026,4,men
568,sr:competitor:17080,436,-1,140,10,2,ATP,2026,4,men
569,sr:competitor:106357,437,-1,140,14,2,ATP,2026,4,men
570,sr:competitor:283451,438,-1,140,22,2,ATP,2026,4,men
571,sr:competitor:163492,439,-1,139,19,2,ATP,2026,4,men
572,sr:competitor:365412,440,-1,138,6,2,ATP,2026,4,men
573,sr:competitor:322801,441,-1,138,18,2,ATP,2026,4,men
574,sr:competitor:294248,442,-1,138,22,2,ATP,2026,4,men
575,sr:competitor:152864,443,-1,135,7,2,ATP,2026,4,men
576,sr:competitor:418213,444,-1,135,8,2,ATP,2026,4,men
577,sr:competitor:891669,445,-1,135,9,2,ATP,2026,4,men
578,sr:competitor:88992,446,-1,135,15,2,ATP,2026,4,men
579,sr:competitor:1080832,447,2,135,18,2,ATP,2026,4,men
580,sr:competitor:337607,448,-2,134,30,2,ATP,2026,4,men
581,sr:competitor:245779,449,-2,133,19,2,ATP,2026,4,men
582,sr:competitor:266711,450,-2,132,8,2,ATP,2026,4,men
583,sr:competitor:552469,451,-1,131,17,2,ATP,2026,4,men
584,sr:competitor:193008,452,-1,130,29,2,ATP,2026,4,men
585,sr:competitor:376372,453,-1,129,27,2,ATP,2026,4,men
586,sr:competitor:450343,454,-1,128,12,2,ATP,2026,4,men
587,sr:competitor:909001,455,34,128,13,2,ATP,2026,4,men
588,sr:competitor:353548,456,-2,128,17,2,ATP,2026,4,men
589,sr:competitor:350814,457,-2,128,18,2,ATP,2026,4,men
590,sr:competitor:318187,458,35,128,24,2,ATP,2026,4,men
591,sr:competitor:130494,459,-3,128,24,2,ATP,2026,4,men
592,sr:competitor:230152,460,-3,128,25,2,ATP,2026,4,men
593,sr:competitor:649038,461,-3,127,16,2,ATP,2026,4,men
594,sr:competitor:908817,462,-3,126,5,2,ATP,2026,4,men
595,sr:competitor:655845,463,-3,126,7,2,ATP,2026,4,men
596,sr:competitor:812862,464,-3,124,16,2,ATP,2026,4,men
597,sr:competitor:496346,465,-3,123,5,2,ATP,2026,4,men
598,sr:competitor:827548,466,-3,123,16,2,ATP,2026,4,men
599,sr:competitor:978579,467,-3,123,20,2,ATP,2026,4,men
600,sr:competitor:171072,468,-3,123,28,2,ATP,2026,4,men
601,sr:competitor:14508,469,-3,122,9,2,ATP,2026,4,men
602,sr:competitor:780796,470,-3,122,10,2,ATP,2026,4,men
603,sr:competitor:154572,471,-3,122,21,2,ATP,2026,4,men
604,sr:competitor:635386,472,37,121,17,2,ATP,2026,4,men
605,sr:competitor:179294,473,-4,121,21,2,ATP,2026,4,men
606,sr:competitor:269535,474,-4,121,22,2,ATP,2026,4,men
607,sr:competitor:100317,475,36,121,22,2,ATP,2026,4,men
608,sr:competitor:829282,476,-5,120,4,2,ATP,2026,4,men
609,sr:competitor:739641,477,-5,120,6,2,ATP,2026,4,men
610,sr:competitor:283965,478,-5,120,9,2,ATP,2026,4,men
611,sr:competitor:215492,479,-5,120,16,2,ATP,2026,4,men
612,sr:competitor:951299,480,-5,119,11,2,ATP,2026,4,men
613,sr:competitor:840614,481,15,119,22,2,ATP,2026,4,men
614,sr:competitor:359608,482,-5,118,10,2,ATP,2026,4,men
615,sr:competitor:822192,483,41,118,13,2,ATP,2026,4,men
616,sr:competitor:169492,484,-6,118,18,2,ATP,2026,4,men
617,sr:competitor:583713,485,-6,118,26,2,ATP,2026,4,men
618,sr:competitor:322729,486,-6,118,33,2,ATP,2026,4,men
619,sr:competitor:243478,487,-6,117,9,2,ATP,2026,4,men
620,sr:competitor:312348,488,-6,117,21,2,ATP,2026,4,men
621,sr:competitor:503814,489,-6,116,3,2,ATP,2026,4,men
622,sr:competitor:96239,490,-6,116,9,2,ATP,2026,4,men
623,sr:competitor:948505,491,-6,116,12,2,ATP,2026,4,men
624,sr:competitor:121668,492,-6,115,4,2,ATP,2026,4,men
625,sr:competitor:809322,493,93,115,11,2,ATP,2026,4,men
626,sr:competitor:404753,494,-7,115,26,2,ATP,2026,4,men
627,sr:competitor:210502,495,-7,114,9,2,ATP,2026,4,men
628,sr:competitor:1111195,496,-6,114,21,2,ATP,2026,4,men
629,sr:competitor:441476,497,-6,113,12,2,ATP,2026,4,men
630,sr:competitor:908699,498,-6,113,21,2,ATP,2026,4,men
631,sr:competitor:355752,499,-5,112,8,2,ATP,2026,4,men
632,sr:competitor:97363,500,-5,112,12,2,ATP,2026,4,men
633,sr:competitor:72376,1,0,9085,15,2,WTA,2026,4,women
634,sr:competitor:51387,2,0,8485,14,2,WTA,2026,4,women
635,sr:competitor:19202,3,0,7195,15,2,WTA,2026,4,women
636,sr:competitor:69208,3,0,7195,15,2,WTA,2026,4,women
637,sr:competitor:64496,5,0,6775,20,2,WTA,2026,4,women
638,sr:competitor:78551,6,0,6730,15,2,WTA,2026,4,women
639,sr:competitor:66968,7,0,6635,17,2,WTA,2026,4,women
640,sr:competitor:18936,8,0,6398,19,2,WTA,2026,4,women
641,sr:competitor:74949,9,0,6330,25,2,WTA,2026,4,women
642,sr:competitor:43860,10,0,5666,18,2,WTA,2026,4,women
643,sr:competitor:588071,11,0,4670,15,2,WTA,2026,4,women
644,sr:competitor:43102,12,0,4645,27,2,WTA,2026,4,women
645,sr:competitor:96075,13,0,4600,26,2,WTA,2026,4,women
646,sr:competitor:69718,14,0,4485,27,2,WTA,2026,4,women
647,sr:competitor:19607,15,1,4400,25,2,WTA,2026,4,women
648,sr:competitor:871583,16,-1,4268,14,2,WTA,2026,4,women
649,sr:competitor:41524,17,0,3946,18,2,WTA,2026,4,women
650,sr:competitor:46084,18,0,3528,27,2,WTA,2026,4,women
651,sr:competitor:19932,19,0,3505,24,2,WTA,2026,4,women
652,sr:competitor:50537,20,0,3505,22,2,WTA,2026,4,women
653,sr:competitor:119670,21,0,3380,28,2,WTA,2026,4,women
654,sr:competitor:24431,22,0,3043,24,2,WTA,2026,4,women
655,sr:competitor:153652,23,0,2995,14,2,WTA,2026,4,women
656,sr:competitor:99131,24,0,2985,30,2,WTA,2026,4,women
657,sr:competitor:41520,25,2,2905,24,2,WTA,2026,4,women
658,sr:competitor:129714,26,-1,2835,28,2,WTA,2026,4,women
659,sr:competitor:157672,27,-1,2769,27,2,WTA,2026,4,women
660,sr:competitor:150122,28,0,2662,26,2,WTA,2026,4,women
661,sr:competitor:37508,29,0,2655,14,2,WTA,2026,4,women
662,sr:competitor:142996,30,0,2650,29,2,WTA,2026,4,women
663,sr:competitor:47810,31,0,2481,30,2,WTA,2026,4,women
664,sr:competitor:45835,32,0,2446,19,2,WTA,2026,4,women
665,sr:competitor:64021,33,3,2429,30,2,WTA,2026,4,women
666,sr:competitor:182178,34,1,2211,28,2,WTA,2026,4,women
667,sr:competitor:47801,35,-2,2188,26,2,WTA,2026,4,women
668,sr:competitor:91960,36,-2,2159,21,2,WTA,2026,4,women
669,sr:competitor:70784,37,1,2103,29,2,WTA,2026,4,women
670,sr:competitor:48625,38,-1,2069,29,2,WTA,2026,4,women
671,sr:competitor:59702,39,0,2052,12,2,WTA,2026,4,women
672,sr:competitor:19974,40,0,2021,29,2,WTA,2026,4,women
673,sr:competitor:45915,41,0,1999,18,2,WTA,2026,4,women
674,sr:competitor:128584,42,0,1953,16,2,WTA,2026,4,women
675,sr:competitor:123824,43,0,1951,16,2,WTA,2026,4,women
676,sr:competitor:66432,44,0,1940,26,2,WTA,2026,4,women
677,sr:competitor:49682,45,1,1802,25,2,WTA,2026,4,women
678,sr:competitor:179146,46,-1,1795,7,2,WTA,2026,4,women
679,sr:competitor:166124,47,1,1790,28,2,WTA,2026,4,women
680,sr:competitor:67759,48,-1,1756,14,2,WTA,2026,4,women
681,sr:competitor:33593,49,0,1731,11,2,WTA,2026,4,women
682,sr:competitor:287769,50,0,1705,12,2,WTA,2026,4,women
683,sr:competitor:19731,51,9,1686,27,2,WTA,2026,4,women
684,sr:competitor:43547,52,-1,1660,27,2,WTA,2026,4,women
685,sr:competitor:360038,53,-1,1625,13,2,WTA,2026,4,women
686,sr:competitor:51481,54,-1,1609,31,2,WTA,2026,4,women
687,sr:competitor:215476,55,2,1601,22,2,WTA,2026,4,women
688,sr:competitor:286435,56,-2,1593,17,2,WTA,2026,4,women
689,sr:competitor:252223,57,-2,1526,16,2,WTA,2026,4,women
690,sr:competitor:19728,58,-2,1514,6,2,WTA,2026,4,women
691,sr:competitor:776340,59,-1,1485,16,2,WTA,2026,4,women
692,sr:competitor:242602,60,-1,1457,17,2,WTA,2026,4,women
693,sr:competitor:60668,61,1,1437,30,2,WTA,2026,4,women
694,sr:competitor:373352,62,-1,1430,3,2,WTA,2026,4,women
695,sr:competitor:73542,63,0,1389,27,2,WTA,2026,4,women
696,sr:competitor:108621,64,5,1322,30,2,WTA,2026,4,women
697,sr:competitor:182054,65,0,1308,30,2,WTA,2026,4,women
698,sr:competitor:235252,66,-2,1307,31,2,WTA,2026,4,women
699,sr:competitor:460837,67,10,1288,19,2,WTA,2026,4,women
700,sr:competitor:289507,68,5,1279,15,2,WTA,2026,4,women
701,sr:competitor:401055,69,-3,1278,18,2,WTA,2026,4,women
702,sr:competitor:60398,70,-3,1236,8,2,WTA,2026,4,women
703,sr:competitor:46428,71,1,1225,29,2,WTA,2026,4,women
704,sr:competitor:92879,72,-4,1216,21,2,WTA,2026,4,women
705,sr:competitor:194106,73,-3,1186,32,2,WTA,2026,4,women
706,sr:competitor:44977,74,-3,1186,29,2,WTA,2026,4,women
707,sr:competitor:799304,75,-1,1158,29,2,WTA,2026,4,women
708,sr:competitor:69602,76,-1,1140,28,2,WTA,2026,4,women
709,sr:competitor:103901,77,-1,1102,9,2,WTA,2026,4,women
710,sr:competitor:47697,78,4,1058,20,2,WTA,2026,4,women
711,sr:competitor:329535,79,-1,1058,15,2,WTA,2026,4,women
712,sr:competitor:71754,80,-1,1052,23,2,WTA,2026,4,women
713,sr:competitor:111189,81,-1,1027,18,2,WTA,2026,4,women
714,sr:competitor:418583,82,-1,1014,34,2,WTA,2026,4,women
715,sr:competitor:173748,83,0,998,25,2,WTA,2026,4,women
716,sr:competitor:208125,84,5,993,18,2,WTA,2026,4,women
717,sr:competitor:41877,85,-1,975,6,2,WTA,2026,4,women
718,sr:competitor:37504,86,-1,973,21,2,WTA,2026,4,women
719,sr:competitor:64085,87,-1,968,27,2,WTA,2026,4,women
720,sr:competitor:272217,88,3,961,14,2,WTA,2026,4,women
721,sr:competitor:168526,89,-2,960,30,2,WTA,2026,4,women
722,sr:competitor:278887,90,-2,941,7,2,WTA,2026,4,women
723,sr:competitor:245295,91,-1,911,11,2,WTA,2026,4,women
724,sr:competitor:211262,92,0,905,7,2,WTA,2026,4,women
725,sr:competitor:87090,93,4,874,18,2,WTA,2026,4,women
726,sr:competitor:183957,94,-1,838,23,2,WTA,2026,4,women
727,sr:competitor:71034,95,-1,832,11,2,WTA,2026,4,women
728,sr:competitor:52695,96,-1,823,33,2,WTA,2026,4,women
729,sr:competitor:453301,97,-1,820,15,2,WTA,2026,4,women
730,sr:competitor:60392,98,0,815,4,2,WTA,2026,4,women
731,sr:competitor:303814,99,0,806,28,2,WTA,2026,4,women
732,sr:competitor:119216,100,0,792,25,2,WTA,2026,4,women
733,sr:competitor:138452,101,0,775,12,2,WTA,2026,4,women
734,sr:competitor:378340,102,0,764,26,2,WTA,2026,4,women
735,sr:competitor:48451,103,0,760,32,2,WTA,2026,4,women
736,sr:competitor:92877,104,0,755,23,2,WTA,2026,4,women
737,sr:competitor:48486,105,0,753,24,2,WTA,2026,4,women
738,sr:competitor:549759,106,0,752,13,2,WTA,2026,4,women
739,sr:competitor:385206,107,0,751,22,2,WTA,2026,4,women
740,sr:competitor:45545,108,0,744,11,2,WTA,2026,4,women
741,sr:competitor:210558,109,0,740,13,2,WTA,2026,4,women
742,sr:competitor:245673,110,0,732,25,2,WTA,2026,4,women
743,sr:competitor:53789,111,0,730,15,2,WTA,2026,4,women
744,sr:competitor:156040,112,3,722,22,2,WTA,2026,4,women
745,sr:competitor:210670,112,3,722,22,2,WTA,2026,4,women
746,sr:competitor:143140,114,-2,705,20,2,WTA,2026,4,women
747,sr:competitor:52533,115,-2,705,30,2,WTA,2026,4,women
748,sr:competitor:195408,116,-2,704,21,2,WTA,2026,4,women
749,sr:competitor:51651,117,0,677,14,2,WTA,2026,4,women
750,sr:competitor:250285,118,2,672,26,2,WTA,2026,4,women
751,sr:competitor:72758,119,-1,667,11,2,WTA,2026,4,women
752,sr:competitor:51943,120,-1,664,24,2,WTA,2026,4,women
753,sr:competitor:59762,121,0,656,30,2,WTA,2026,4,women
754,sr:competitor:105463,122,28,626,7,2,WTA,2026,4,women
755,sr:competitor:50915,123,-1,624,32,2,WTA,2026,4,women
756,sr:competitor:115507,124,-1,618,20,2,WTA,2026,4,women
757,sr:competitor:45827,125,-1,616,27,2,WTA,2026,4,women
758,sr:competitor:87834,126,-1,612,6,2,WTA,2026,4,women
759,sr:competitor:67430,127,-1,612,21,2,WTA,2026,4,women
760,sr:competitor:88310,128,-1,603,9,2,WTA,2026,4,women
761,sr:competitor:226306,129,-1,603,19,2,WTA,2026,4,women
762,sr:competitor:19847,130,-1,600,16,2,WTA,2026,4,women
763,sr:competitor:189384,131,-1,594,19,2,WTA,2026,4,women
764,sr:competitor:369524,132,-1,585,15,2,WTA,2026,4,women
765,sr:competitor:628178,133,-1,582,27,2,WTA,2026,4,women
766,sr:competitor:234150,134,-1,579,7,2,WTA,2026,4,women
767,sr:competitor:627278,135,-1,572,11,2,WTA,2026,4,women
768,sr:competitor:70728,136,-1,568,28,2,WTA,2026,4,women
769,sr:competitor:148276,137,-1,563,27,2,WTA,2026,4,women
770,sr:competitor:61526,138,-1,559,26,2,WTA,2026,4,women
771,sr:competitor:325837,139,-1,559,39,2,WTA,2026,4,women
772,sr:competitor:42289,140,-1,558,14,2,WTA,2026,4,women
773,sr:competitor:19655,141,-1,555,17,2,WTA,2026,4,women
774,sr:competitor:1022815,142,-1,555,23,2,WTA,2026,4,women
775,sr:competitor:152804,143,-1,553,8,2,WTA,2026,4,women
776,sr:competitor:192130,144,-1,543,9,2,WTA,2026,4,women
777,sr:competitor:98733,145,-1,540,10,2,WTA,2026,4,women
778,sr:competitor:18251,146,-1,539,3,2,WTA,2026,4,women
779,sr:competitor:1017327,147,-1,539,10,2,WTA,2026,4,women
780,sr:competitor:805538,148,-1,531,23,2,WTA,2026,4,women
781,sr:competitor:105099,149,-1,529,7,2,WTA,2026,4,women
782,sr:competitor:448121,150,3,529,31,2,WTA,2026,4,women
783,sr:competitor:63220,151,-2,520,16,2,WTA,2026,4,women
784,sr:competitor:319455,152,-1,518,9,2,WTA,2026,4,women
785,sr:competitor:121760,153,-1,516,26,2,WTA,2026,4,women
786,sr:competitor:93657,154,6,504,28,2,WTA,2026,4,women
787,sr:competitor:217912,155,-1,502,4,2,WTA,2026,4,women
788,sr:competitor:52025,156,-1,502,5,2,WTA,2026,4,women
789,sr:competitor:85077,157,-1,498,2,2,WTA,2026,4,women
790,sr:competitor:35838,158,-1,494,3,2,WTA,2026,4,women
791,sr:competitor:141892,159,-1,494,10,2,WTA,2026,4,women
792,sr:competitor:143146,160,2,493,29,2,WTA,2026,4,women
793,sr:competitor:914135,161,-2,492,8,2,WTA,2026,4,women
794,sr:competitor:235260,162,-1,487,7,2,WTA,2026,4,women
795,sr:competitor:261583,163,0,480,6,2,WTA,2026,4,women
796,sr:competitor:868599,164,0,480,16,2,WTA,2026,4,women
797,sr:competitor:473609,165,0,474,19,2,WTA,2026,4,women
798,sr:competitor:203893,166,0,467,18,2,WTA,2026,4,women
799,sr:competitor:378144,167,0,463,25,2,WTA,2026,4,women
800,sr:competitor:160190,168,0,460,19,2,WTA,2026,4,women
801,sr:competitor:102637,169,0,451,29,2,WTA,2026,4,women
802,sr:competitor:19876,170,0,450,5,2,WTA,2026,4,women
803,sr:competitor:290994,171,0,447,20,2,WTA,2026,4,women
804,sr:competitor:459013,172,0,446,6,2,WTA,2026,4,women
805,sr:competitor:215598,173,0,444,19,2,WTA,2026,4,women
806,sr:competitor:132412,174,0,444,16,2,WTA,2026,4,women
807,sr:competitor:99429,175,0,440,23,2,WTA,2026,4,women
808,sr:competitor:137990,176,0,437,20,2,WTA,2026,4,women
809,sr:competitor:335171,177,0,436,13,2,WTA,2026,4,women
810,sr:competitor:41374,178,0,436,6,2,WTA,2026,4,women
811,sr:competitor:242630,178,0,436,6,2,WTA,2026,4,women
812,sr:competitor:153748,180,0,434,19,2,WTA,2026,4,women
813,sr:competitor:233266,181,0,434,28,2,WTA,2026,4,women
814,sr:competitor:137932,182,0,432,13,2,WTA,2026,4,women
815,sr:competitor:256447,183,0,431,17,2,WTA,2026,4,women
816,sr:competitor:20158,184,0,430,29,2,WTA,2026,4,women
817,sr:competitor:568715,185,0,429,14,2,WTA,2026,4,women
818,sr:competitor:421379,186,0,429,17,2,WTA,2026,4,women
819,sr:competitor:150574,187,0,428,8,2,WTA,2026,4,women
820,sr:competitor:227486,188,0,426,17,2,WTA,2026,4,women
821,sr:competitor:46625,189,8,424,29,2,WTA,2026,4,women
822,sr:competitor:676251,190,-1,421,10,2,WTA,2026,4,women
823,sr:competitor:78785,191,-1,421,22,2,WTA,2026,4,women
824,sr:competitor:70970,192,-1,420,25,2,WTA,2026,4,women
825,sr:competitor:64315,193,-1,420,24,2,WTA,2026,4,women
826,sr:competitor:264863,194,-1,419,21,2,WTA,2026,4,women
827,sr:competitor:152106,195,-1,419,24,2,WTA,2026,4,women
828,sr:competitor:345070,196,-1,417,22,2,WTA,2026,4,women
829,sr:competitor:353358,197,-1,415,21,2,WTA,2026,4,women
830,sr:competitor:807358,198,0,414,20,2,WTA,2026,4,women
831,sr:competitor:215806,199,0,410,22,2,WTA,2026,4,women
832,sr:competitor:282597,200,0,409,17,2,WTA,2026,4,women
833,sr:competitor:112957,201,0,408,9,2,WTA,2026,4,women
834,sr:competitor:254551,202,0,407,11,2,WTA,2026,4,women
835,sr:competitor:380368,203,0,406,20,2,WTA,2026,4,women
836,sr:competitor:223862,204,0,406,17,2,WTA,2026,4,women
837,sr:competitor:53288,205,0,405,21,2,WTA,2026,4,women
838,sr:competitor:406199,206,0,404,14,2,WTA,2026,4,women
839,sr:competitor:110055,207,0,403,8,2,WTA,2026,4,women
840,sr:competitor:283489,208,0,402,13,2,WTA,2026,4,women
841,sr:competitor:496316,209,0,401,20,2,WTA,2026,4,women
842,sr:competitor:19017,210,0,400,2,2,WTA,2026,4,women
843,sr:competitor:44834,211,0,399,9,2,WTA,2026,4,women
844,sr:competitor:459317,212,0,399,23,2,WTA,2026,4,women
845,sr:competitor:318195,213,0,398,4,2,WTA,2026,4,women
846,sr:competitor:172590,214,0,398,11,2,WTA,2026,4,women
847,sr:competitor:88494,215,0,398,28,2,WTA,2026,4,women
848,sr:competitor:662615,216,0,395,12,2,WTA,2026,4,women
849,sr:competitor:731427,217,0,392,22,2,WTA,2026,4,women
850,sr:competitor:448081,218,0,390,20,2,WTA,2026,4,women
851,sr:competitor:870981,219,3,390,26,2,WTA,2026,4,women
852,sr:competitor:880229,220,-1,389,18,2,WTA,2026,4,women
853,sr:competitor:435794,221,-1,382,19,2,WTA,2026,4,women
854,sr:competitor:202363,222,-1,381,9,2,WTA,2026,4,women
855,sr:competitor:431743,223,13,379,12,2,WTA,2026,4,women
856,sr:competitor:842594,224,-1,375,23,2,WTA,2026,4,women
857,sr:competitor:234398,225,-1,372,16,2,WTA,2026,4,women
858,sr:competitor:517274,226,0,372,25,2,WTA,2026,4,women
859,sr:competitor:52183,227,-2,368,7,2,WTA,2026,4,women
860,sr:competitor:18354,228,-1,364,7,2,WTA,2026,4,women
861,sr:competitor:750329,229,-1,362,21,2,WTA,2026,4,women
862,sr:competitor:414533,230,-1,360,22,2,WTA,2026,4,women
863,sr:competitor:496378,231,1,357,17,2,WTA,2026,4,women
864,sr:competitor:289093,232,-2,355,15,2,WTA,2026,4,women
865,sr:competitor:80427,233,-2,350,36,2,WTA,2026,4,women
866,sr:competitor:70822,234,-1,347,19,2,WTA,2026,4,women
867,sr:competitor:505998,235,-1,346,18,2,WTA,2026,4,women
868,sr:competitor:510530,236,1,345,21,2,WTA,2026,4,women
869,sr:competitor:812476,237,-2,344,23,2,WTA,2026,4,women
870,sr:competitor:244216,238,0,342,32,2,WTA,2026,4,women
871,sr:competitor:98105,239,0,342,18,2,WTA,2026,4,women
872,sr:competitor:315609,240,0,338,11,2,WTA,2026,4,women
873,sr:competitor:904005,241,0,337,25,2,WTA,2026,4,women
874,sr:competitor:345134,242,0,335,21,2,WTA,2026,4,women
875,sr:competitor:49963,243,0,332,16,2,WTA,2026,4,women
876,sr:competitor:222546,244,0,332,24,2,WTA,2026,4,women
877,sr:competitor:233478,245,0,331,29,2,WTA,2026,4,women
878,sr:competitor:812502,246,0,329,14,2,WTA,2026,4,women
879,sr:competitor:59213,247,0,329,22,2,WTA,2026,4,women
880,sr:competitor:165866,248,0,329,12,2,WTA,2026,4,women
881,sr:competitor:71284,249,0,328,12,2,WTA,2026,4,women
882,sr:competitor:728507,250,29,326,17,2,WTA,2026,4,women
883,sr:competitor:67757,251,-1,325,5,2,WTA,2026,4,women
884,sr:competitor:789688,252,-1,325,9,2,WTA,2026,4,women
885,sr:competitor:911661,253,-1,325,16,2,WTA,2026,4,women
886,sr:competitor:387110,254,-1,325,21,2,WTA,2026,4,women
887,sr:competitor:46661,255,-1,322,16,2,WTA,2026,4,women
888,sr:competitor:1020859,256,-1,322,17,2,WTA,2026,4,women
889,sr:competitor:98523,257,-1,321,28,2,WTA,2026,4,women
890,sr:competitor:586739,258,-1,319,17,2,WTA,2026,4,women
891,sr:competitor:190882,259,-1,317,12,2,WTA,2026,4,women
892,sr:competitor:59662,260,-1,317,19,2,WTA,2026,4,women
893,sr:competitor:467037,261,-1,315,8,2,WTA,2026,4,women
894,sr:competitor:129534,262,-1,315,11,2,WTA,2026,4,women
895,sr:competitor:534045,263,35,311,11,2,WTA,2026,4,women
896,sr:competitor:213144,264,-2,310,19,2,WTA,2026,4,women
897,sr:competitor:675189,265,38,308,12,2,WTA,2026,4,women
898,sr:competitor:66516,266,-3,305,27,2,WTA,2026,4,women
899,sr:competitor:882091,267,-3,305,11,2,WTA,2026,4,women
900,sr:competitor:731441,268,-3,305,20,2,WTA,2026,4,women
901,sr:competitor:133662,269,-3,303,2,2,WTA,2026,4,women
902,sr:competitor:186312,269,-3,303,2,2,WTA,2026,4,women
903,sr:competitor:352782,269,-3,303,2,2,WTA,2026,4,women
904,sr:competitor:416473,272,-3,302,15,2,WTA,2026,4,women
905,sr:competitor:104929,273,-2,302,18,2,WTA,2026,4,women
906,sr:competitor:337813,274,-4,301,14,2,WTA,2026,4,women
907,sr:competitor:750327,275,-3,298,12,2,WTA,2026,4,women
908,sr:competitor:936009,276,-3,296,21,2,WTA,2026,4,women
909,sr:competitor:226092,277,-3,295,20,2,WTA,2026,4,women
910,sr:competitor:515530,278,-3,290,19,2,WTA,2026,4,women
911,sr:competitor:662257,279,-3,288,6,2,WTA,2026,4,women
912,sr:competitor:745799,280,-3,286,20,2,WTA,2026,4,women
913,sr:competitor:341196,281,-3,285,25,2,WTA,2026,4,women
914,sr:competitor:45139,282,-2,282,16,2,WTA,2026,4,women
915,sr:competitor:256547,283,-2,280,4,2,WTA,2026,4,women
916,sr:competitor:138654,284,-2,280,11,2,WTA,2026,4,women
917,sr:competitor:278943,285,-2,278,19,2,WTA,2026,4,women
918,sr:competitor:246945,286,-2,277,22,2,WTA,2026,4,women
919,sr:competitor:858867,287,13,276,20,2,WTA,2026,4,women
920,sr:competitor:412817,288,-3,275,10,2,WTA,2026,4,women
921,sr:competitor:46650,289,-3,274,31,2,WTA,2026,4,women
922,sr:competitor:476218,290,-3,274,23,2,WTA,2026,4,women
923,sr:competitor:315663,291,-3,273,31,2,WTA,2026,4,women
924,sr:competitor:501894,292,-3,271,6,2,WTA,2026,4,women
925,sr:competitor:722877,293,37,269,13,2,WTA,2026,4,women
926,sr:competitor:192108,294,-4,268,5,2,WTA,2026,4,women
927,sr:competitor:61922,295,-4,264,22,2,WTA,2026,4,women
928,sr:competitor:849553,296,-4,263,15,2,WTA,2026,4,women
929,sr:competitor:319461,297,-4,262,13,2,WTA,2026,4,women
930,sr:competitor:813490,298,-4,261,16,2,WTA,2026,4,women
931,sr:competitor:355958,299,-4,261,16,2,WTA,2026,4,women
932,sr:competitor:827398,300,-4,260,22,2,WTA,2026,4,women
933,sr:competitor:244985,301,-4,259,11,2,WTA,2026,4,women
934,sr:competitor:122668,302,-3,256,22,2,WTA,2026,4,women
935,sr:competitor:78431,303,25,255,16,2,WTA,2026,4,women
936,sr:competitor:447703,304,-3,255,23,2,WTA,2026,4,women
937,sr:competitor:18919,305,-3,254,10,2,WTA,2026,4,women
938,sr:competitor:198498,306,-2,254,17,2,WTA,2026,4,women
939,sr:competitor:41359,307,8,253,30,2,WTA,2026,4,women
940,sr:competitor:102191,308,-3,253,9,2,WTA,2026,4,women
941,sr:competitor:771430,309,23,253,9,2,WTA,2026,4,women
942,sr:competitor:506786,310,-4,252,13,2,WTA,2026,4,women
943,sr:competitor:106341,311,-4,252,7,2,WTA,2026,4,women
944,sr:competitor:154744,312,-4,251,23,2,WTA,2026,4,women
945,sr:competitor:65610,313,-4,250,29,2,WTA,2026,4,women
946,sr:competitor:801420,314,-4,250,19,2,WTA,2026,4,women
947,sr:competitor:171354,315,47,249,26,2,WTA,2026,4,women
948,sr:competitor:878645,316,-5,249,16,2,WTA,2026,4,women
949,sr:competitor:62924,317,-5,248,3,2,WTA,2026,4,women
950,sr:competitor:72450,318,-5,246,11,2,WTA,2026,4,women
951,sr:competitor:409673,319,-5,246,29,2,WTA,2026,4,women
952,sr:competitor:49118,320,-4,245,15,2,WTA,2026,4,women
953,sr:competitor:380396,321,-4,244,15,2,WTA,2026,4,women
954,sr:competitor:99405,322,-4,244,6,2,WTA,2026,4,women
955,sr:competitor:119874,323,-4,244,26,2,WTA,2026,4,women
956,sr:competitor:1115539,324,-4,244,18,2,WTA,2026,4,women
957,sr:competitor:845268,325,-4,243,7,2,WTA,2026,4,women
958,sr:competitor:624838,326,-4,243,20,2,WTA,2026,4,women
959,sr:competitor:120666,327,-4,242,6,2,WTA,2026,4,women
960,sr:competitor:41404,328,-4,241,10,2,WTA,2026,4,women
961,sr:competitor:720627,329,9,241,16,2,WTA,2026,4,women
962,sr:competitor:42339,330,-5,240,1,2,WTA,2026,4,women
963,sr:competitor:286459,331,-5,240,25,2,WTA,2026,4,women
964,sr:competitor:51315,332,-5,239,14,2,WTA,2026,4,women
965,sr:competitor:673491,333,3,236,26,2,WTA,2026,4,women
966,sr:competitor:378226,334,-5,236,16,2,WTA,2026,4,women
967,sr:competitor:47876,335,2,236,28,2,WTA,2026,4,women
968,sr:competitor:797346,336,-5,235,20,2,WTA,2026,4,women
969,sr:competitor:857871,337,-4,232,19,2,WTA,2026,4,women
970,sr:competitor:54397,338,-4,231,6,2,WTA,2026,4,women
971,sr:competitor:192572,339,-4,231,12,2,WTA,2026,4,women
972,sr:competitor:217036,340,71,231,11,2,WTA,2026,4,women
973,sr:competitor:60028,341,2,230,21,2,WTA,2026,4,women
974,sr:competitor:32862,342,-3,227,7,2,WTA,2026,4,women
975,sr:competitor:906635,343,24,227,13,2,WTA,2026,4,women
976,sr:competitor:118052,344,-4,226,11,2,WTA,2026,4,women
977,sr:competitor:201105,345,-4,226,34,2,WTA,2026,4,women
978,sr:competitor:352784,346,1,226,26,2,WTA,2026,4,women
979,sr:competitor:499484,347,-5,225,2,2,WTA,2026,4,women
980,sr:competitor:225468,348,-4,225,10,2,WTA,2026,4,women
981,sr:competitor:242504,349,-4,223,18,2,WTA,2026,4,women
982,sr:competitor:568103,350,42,222,22,2,WTA,2026,4,women
983,sr:competitor:445209,351,-5,220,21,2,WTA,2026,4,women
984,sr:competitor:182056,352,-4,219,22,2,WTA,2026,4,women
985,sr:competitor:202803,353,-4,219,17,2,WTA,2026,4,women
986,sr:competitor:195404,354,-4,219,18,2,WTA,2026,4,women
987,sr:competitor:337811,355,-4,218,16,2,WTA,2026,4,women
988,sr:competitor:152766,356,-4,218,9,2,WTA,2026,4,women
989,sr:competitor:280989,357,-4,218,21,2,WTA,2026,4,women
990,sr:competitor:329009,358,-4,216,10,2,WTA,2026,4,women
991,sr:competitor:813176,359,-4,215,7,2,WTA,2026,4,women
992,sr:competitor:82609,360,-4,215,23,2,WTA,2026,4,women
993,sr:competitor:395740,361,-4,213,14,2,WTA,2026,4,women
994,sr:competitor:108857,362,-4,213,20,2,WTA,2026,4,women
995,sr:competitor:786310,363,66,212,20,2,WTA,2026,4,women
996,sr:competitor:285629,364,-5,212,12,2,WTA,2026,4,women
997,sr:competitor:47948,365,-5,211,6,2,WTA,2026,4,women
998,sr:competitor:71730,366,-5,211,5,2,WTA,2026,4,women
999,sr:competitor:185412,367,12,211,19,2,WTA,2026,4,women
1000,sr:competitor:107327,368,2,211,14,2,WTA,2026,4,women
1001,sr:competitor:134532,369,-6,207,13,2,WTA,2026,4,women
1002,sr:competitor:799662,370,-6,207,10,2,WTA,2026,4,women
1003,sr:competitor:72860,371,-6,207,25,2,WTA,2026,4,women
1004,sr:competitor:55401,372,-6,205,2,2,WTA,2026,4,women
1005,sr:competitor:297588,373,-5,204,11,2,WTA,2026,4,women
1006,sr:competitor:938103,374,-5,204,4,2,WTA,2026,4,women
1007,sr:competitor:1027515,375,-4,204,16,2,WTA,2026,4,women
1008,sr:competitor:156098,376,-4,204,26,2,WTA,2026,4,women
1009,sr:competitor:254553,377,-4,203,19,2,WTA,2026,4,women
1010,sr:competitor:762764,378,0,203,22,2,WTA,2026,4,women
1011,sr:competitor:978809,379,-5,202,7,2,WTA,2026,4,women
1012,sr:competitor:505580,380,-5,202,17,2,WTA,2026,4,women
1013,sr:competitor:448613,381,-5,202,20,2,WTA,2026,4,women
1014,sr:competitor:770242,382,-5,201,17,2,WTA,2026,4,women
1015,sr:competitor:473937,383,19,198,11,2,WTA,2026,4,women
1016,sr:competitor:620340,384,-4,198,15,2,WTA,2026,4,women
1017,sr:competitor:517006,385,-4,197,16,2,WTA,2026,4,women
1018,sr:competitor:45902,386,-4,196,2,2,WTA,2026,4,women
1019,sr:competitor:164852,387,-4,196,15,2,WTA,2026,4,women
1020,sr:competitor:69988,388,-4,195,8,2,WTA,2026,4,women
1021,sr:competitor:225130,389,-4,194,6,2,WTA,2026,4,women
1022,sr:competitor:54983,390,-4,194,26,2,WTA,2026,4,women
1023,sr:competitor:63238,390,-4,194,27,2,WTA,2026,4,women
1024,sr:competitor:518748,392,-4,194,18,2,WTA,2026,4,women
1025,sr:competitor:209716,393,-4,194,18,2,WTA,2026,4,women
1026,sr:competitor:658439,394,-4,194,19,2,WTA,2026,4,women
1027,sr:competitor:494296,395,-4,193,12,2,WTA,2026,4,women
1028,sr:competitor:230108,396,-3,192,12,2,WTA,2026,4,women
1029,sr:competitor:1008651,397,-3,192,34,2,WTA,2026,4,women
1030,sr:competitor:833336,398,-2,191,12,2,WTA,2026,4,women
1031,sr:competitor:335165,399,-4,191,13,2,WTA,2026,4,women
1032,sr:competitor:1020177,400,4,190,20,2,WTA,2026,4,women
1033,sr:competitor:567285,401,-4,190,11,2,WTA,2026,4,women
1034,sr:competitor:23688,402,-4,189,14,2,WTA,2026,4,women
1035,sr:competitor:233748,403,-4,189,17,2,WTA,2026,4,women
1036,sr:competitor:157368,404,-4,189,15,2,WTA,2026,4,women
1037,sr:competitor:153744,405,15,188,26,2,WTA,2026,4,women
1038,sr:competitor:341238,406,-5,188,28,2,WTA,2026,4,women
1039,sr:competitor:569009,407,-4,187,18,2,WTA,2026,4,women
1040,sr:competitor:227390,408,-3,184,7,2,WTA,2026,4,women
1041,sr:competitor:137948,409,-3,183,11,2,WTA,2026,4,women
1042,sr:competitor:63682,410,-3,183,7,2,WTA,2026,4,women
1043,sr:competitor:61606,411,-3,182,4,2,WTA,2026,4,women
1044,sr:competitor:933453,412,-3,182,12,2,WTA,2026,4,women
1045,sr:competitor:37638,413,-3,182,23,2,WTA,2026,4,women
1046,sr:competitor:179248,414,-2,181,19,2,WTA,2026,4,women
1047,sr:competitor:75825,415,-2,180,4,2,WTA,2026,4,women
1048,sr:competitor:217056,416,-2,180,18,2,WTA,2026,4,women
1049,sr:competitor:282219,417,-2,178,13,2,WTA,2026,4,women
1050,sr:competitor:356694,418,-2,177,14,2,WTA,2026,4,women
1051,sr:competitor:881849,419,-2,177,12,2,WTA,2026,4,women
1052,sr:competitor:777872,420,-2,177,14,2,WTA,2026,4,women
1053,sr:competitor:103375,421,39,176,11,2,WTA,2026,4,women
1054,sr:competitor:927441,422,-3,176,12,2,WTA,2026,4,women
1055,sr:competitor:1006809,423,-2,175,9,2,WTA,2026,4,women
1056,sr:competitor:259745,424,-2,175,14,2,WTA,2026,4,women
1057,sr:competitor:152762,425,-2,175,14,2,WTA,2026,4,women
1058,sr:competitor:83607,426,-2,175,15,2,WTA,2026,4,women
1059,sr:competitor:340365,427,-2,175,17,2,WTA,2026,4,women
1060,sr:competitor:67194,428,-2,174,20,2,WTA,2026,4,women
1061,sr:competitor:214264,429,-2,174,14,2,WTA,2026,4,women
1062,sr:competitor:780674,430,33,174,22,2,WTA,2026,4,women
1063,sr:competitor:152708,431,-3,173,18,2,WTA,2026,4,women
1064,sr:competitor:265553,432,-2,172,12,2,WTA,2026,4,women
1065,sr:competitor:315623,433,-2,172,22,2,WTA,2026,4,women
1066,sr:competitor:967949,434,-2,171,15,2,WTA,2026,4,women
1067,sr:competitor:348216,435,-2,171,13,2,WTA,2026,4,women
1068,sr:competitor:341216,436,-2,170,12,2,WTA,2026,4,women
1069,sr:competitor:577523,437,-2,169,2,2,WTA,2026,4,women
1070,sr:competitor:861587,438,-2,169,21,2,WTA,2026,4,women
1071,sr:competitor:840734,439,-2,168,20,2,WTA,2026,4,women
1072,sr:competitor:858079,440,-2,168,16,2,WTA,2026,4,women
1073,sr:competitor:52489,441,-2,167,10,2,WTA,2026,4,women
1074,sr:competitor:133080,442,-2,167,17,2,WTA,2026,4,women
1075,sr:competitor:300496,443,-2,167,4,2,WTA,2026,4,women
1076,sr:competitor:142758,444,14,166,18,2,WTA,2026,4,women
1077,sr:competitor:448123,445,-3,166,7,2,WTA,2026,4,women
1078,sr:competitor:208181,446,-3,164,9,2,WTA,2026,4,women
1079,sr:competitor:262701,447,-3,164,12,2,WTA,2026,4,women
1080,sr:competitor:299308,448,-3,163,12,2,WTA,2026,4,women
1081,sr:competitor:870983,449,0,163,10,2,WTA,2026,4,women
1082,sr:competitor:723099,450,-4,163,10,2,WTA,2026,4,women
1083,sr:competitor:849533,451,-4,163,17,2,WTA,2026,4,women
1084,sr:competitor:206995,452,-4,162,19,2,WTA,2026,4,women
1085,sr:competitor:133076,453,83,161,17,2,WTA,2026,4,women
1086,sr:competitor:960043,454,-4,160,10,2,WTA,2026,4,women
1087,sr:competitor:98607,455,-4,159,7,2,WTA,2026,4,women
1088,sr:competitor:604242,456,-4,159,20,2,WTA,2026,4,women
1089,sr:competitor:513582,457,-4,159,14,2,WTA,2026,4,women
1090,sr:competitor:873729,458,11,159,20,2,WTA,2026,4,women
1091,sr:competitor:48455,459,-5,158,3,2,WTA,2026,4,women
1092,sr:competitor:932867,460,-5,158,21,2,WTA,2026,4,women
1093,sr:competitor:604388,461,-5,157,7,2,WTA,2026,4,women
1094,sr:competitor:979575,462,-5,157,8,2,WTA,2026,4,women
1095,sr:competitor:194604,463,-4,157,27,2,WTA,2026,4,women
1096,sr:competitor:567551,464,-3,155,14,2,WTA,2026,4,women
1097,sr:competitor:373354,465,-3,154,7,2,WTA,2026,4,women
1098,sr:competitor:262023,466,-2,153,20,2,WTA,2026,4,women
1099,sr:competitor:227342,467,-2,153,15,2,WTA,2026,4,women
1100,sr:competitor:221510,468,4,153,21,2,WTA,2026,4,women
1101,sr:competitor:132370,469,-3,152,6,2,WTA,2026,4,women
1102,sr:competitor:890199,470,-3,152,11,2,WTA,2026,4,women
1103,sr:competitor:518838,471,-3,151,14,2,WTA,2026,4,women
1104,sr:competitor:467035,472,-2,150,6,2,WTA,2026,4,women
1105,sr:competitor:72634,473,-2,150,19,2,WTA,2026,4,women
1106,sr:competitor:686597,474,-1,149,13,2,WTA,2026,4,women
1107,sr:competitor:898261,475,15,149,17,2,WTA,2026,4,women
1108,sr:competitor:420819,476,-2,149,18,2,WTA,2026,4,women
1109,sr:competitor:1047963,477,-2,148,9,2,WTA,2026,4,women
1110,sr:competitor:330689,478,-2,148,16,2,WTA,2026,4,women
1111,sr:competitor:134342,479,-2,147,6,2,WTA,2026,4,women
1112,sr:competitor:282057,480,-2,147,20,2,WTA,2026,4,women
1113,sr:competitor:448089,481,-2,147,15,2,WTA,2026,4,women
1114,sr:competitor:25066,482,-2,146,8,2,WTA,2026,4,women
1115,sr:competitor:18298,483,-2,146,2,2,WTA,2026,4,women
1116,sr:competitor:54961,484,-2,146,14,2,WTA,2026,4,women
1117,sr:competitor:208017,485,-2,145,8,2,WTA,2026,4,women
1118,sr:competitor:324677,486,-2,145,20,2,WTA,2026,4,women
1119,sr:competitor:42864,487,-2,145,11,2,WTA,2026,4,women
1120,sr:competitor:183861,488,-2,145,8,2,WTA,2026,4,women
1121,sr:competitor:46528,489,-2,145,9,2,WTA,2026,4,women
1122,sr:competitor:1020123,490,-2,145,7,2,WTA,2026,4,women
1123,sr:competitor:782216,491,-2,145,13,2,WTA,2026,4,women
1124,sr:competitor:196552,492,34,145,22,2,WTA,2026,4,women
1125,sr:competitor:111149,493,24,145,22,2,WTA,2026,4,women
1126,sr:competitor:310982,494,-3,144,15,2,WTA,2026,4,women
1127,sr:competitor:360054,495,-3,144,18,2,WTA,2026,4,women
1128,sr:competitor:194572,496,-3,143,8,2,WTA,2026,4,women
1129,sr:competitor:790640,497,-3,143,5,2,WTA,2026,4,women
1130,sr:competitor:768470,498,-3,143,16,2,WTA,2026,4,women
1131,sr:competitor:915129,499,-3,142,5,2,WTA,2026,4,women
1132,sr:competitor:675193,500,-3,142,9,2,WTA,2026,4,women
